id	reason	timestamp	page_id	assessment_phase_in_session_id	session_id
832517	tab_updated	2023-12-15 22:22:20.715000 +00:00	24111	2701	7053
832518	scroll	2023-12-15 22:22:21.669000 +00:00	24111	2701	7053
832519	scroll	2023-12-15 22:22:21.914000 +00:00	24111	2701	7053
832520	scroll	2023-12-15 22:22:22.446000 +00:00	24111	2701	7053
832521	scroll	2023-12-15 22:22:22.226000 +00:00	24111	2701	7053
832522	scroll	2023-12-15 22:22:22.604000 +00:00	24111	2701	7053
832523	scroll	2023-12-15 22:22:21.631000 +00:00	24111	2701	7053
832524	scroll	2023-12-15 22:22:22.758000 +00:00	24111	2701	7053
832525	scroll	2023-12-15 22:22:22.854000 +00:00	24111	2701	7053
832526	scroll	2023-12-15 22:22:22.895000 +00:00	24111	2701	7053
3277821	tab_updated	2024-02-08 08:28:51.640000 +00:00	92453	12655	21759
864654	tab_updated	2023-12-16 17:04:51.884000 +00:00	24532	2723	7081
864655	scroll	2023-12-16 17:04:53.090000 +00:00	24532	2723	7081
864656	scroll	2023-12-16 17:04:53.058000 +00:00	24532	2723	7081
864657	scroll	2023-12-16 17:04:53.278000 +00:00	24532	2723	7081
864658	scroll	2023-12-16 17:04:53.500000 +00:00	24532	2723	7081
864659	scroll	2023-12-16 17:04:53.318000 +00:00	24532	2723	7081
864660	scroll	2023-12-16 17:04:53.654000 +00:00	24532	2723	7081
864661	scroll	2023-12-16 17:04:53.845000 +00:00	24532	2723	7081
3277825	tab_activated	2024-02-08 08:29:43.967000 +00:00	92453	12655	21759
864662	scroll	2023-12-16 17:04:53.965000 +00:00	24532	2723	7081
832527	scroll	2023-12-15 22:22:23.382000 +00:00	24111	2701	7053
448537	tab_updated	2023-12-10 10:22:48.680000 +00:00	15122	2157	4537
448654	tab_activated	2023-12-10 10:23:02.273000 +00:00	15122	2157	4537
448655	scroll	2023-12-10 10:23:02.995000 +00:00	15122	2157	4537
448681	scroll	2023-12-10 10:23:03.095000 +00:00	15122	2157	4537
448682	scroll	2023-12-10 10:23:03.027000 +00:00	15122	2157	4537
448686	scroll	2023-12-10 10:23:03.504000 +00:00	15122	2157	4537
448694	scroll	2023-12-10 10:23:05.028000 +00:00	15122	2157	4537
1749056	tab_updated	2023-12-28 21:32:29.944000 +00:00	47227	6251	11501
1749057	scroll	2023-12-28 21:32:30.809000 +00:00	47227	6251	11501
1749058	scroll	2023-12-28 21:32:30.778000 +00:00	47227	6251	11501
1749059	scroll	2023-12-28 21:32:31.060000 +00:00	47227	6251	11501
1749060	scroll	2023-12-28 21:32:31.029000 +00:00	47227	6251	11501
1749061	scroll	2023-12-28 21:32:31.090000 +00:00	47227	6251	11501
1749062	scroll	2023-12-28 21:32:31.251000 +00:00	47227	6251	11501
1749063	scroll	2023-12-28 21:32:31.341000 +00:00	47227	6251	11501
1749064	scroll	2023-12-28 21:32:31.374000 +00:00	47227	6251	11501
1749065	scroll	2023-12-28 21:32:31.469000 +00:00	47227	6251	11501
1749066	scroll	2023-12-28 21:32:33.872000 +00:00	47227	6251	11501
1749067	scroll	2023-12-28 21:32:33.904000 +00:00	47227	6251	11501
1749068	scroll	2023-12-28 21:32:33.968000 +00:00	47227	6251	11501
1749069	scroll	2023-12-28 21:32:34.031000 +00:00	47227	6251	11501
1749070	scroll	2023-12-28 21:32:34.063000 +00:00	47227	6251	11501
1749071	scroll	2023-12-28 21:32:34.153000 +00:00	47227	6251	11501
1749072	scroll	2023-12-28 21:32:34.278000 +00:00	47227	6251	11501
864663	scroll	2023-12-16 17:04:54.091000 +00:00	24532	2723	7081
1749073	scroll	2023-12-28 21:32:34.846000 +00:00	47227	6251	11501
1749074	scroll	2023-12-28 21:32:34.622000 +00:00	47227	6251	11501
1749075	scroll	2023-12-28 21:32:34.376000 +00:00	47227	6251	11501
1749076	scroll	2023-12-28 21:32:35.060000 +00:00	47227	6251	11501
1749077	scroll	2023-12-28 21:32:34.723000 +00:00	47227	6251	11501
1749078	scroll	2023-12-28 21:32:34.497000 +00:00	47227	6251	11501
1749079	scroll	2023-12-28 21:32:35.716000 +00:00	47227	6251	11501
1749080	scroll	2023-12-28 21:32:34.247000 +00:00	47227	6251	11501
864664	scroll	2023-12-16 17:04:54.217000 +00:00	24532	2723	7081
1749081	scroll	2023-12-28 21:32:34.968000 +00:00	47227	6251	11501
1749082	scroll	2023-12-28 21:32:35.684000 +00:00	47227	6251	11501
1749083	scroll	2023-12-28 21:32:35.094000 +00:00	47227	6251	11501
864665	scroll	2023-12-16 17:04:54.339000 +00:00	24532	2723	7081
1749084	scroll	2023-12-28 21:32:35.844000 +00:00	47227	6251	11501
864666	scroll	2023-12-16 17:04:54.438000 +00:00	24532	2723	7081
1749085	scroll	2023-12-28 21:32:35.905000 +00:00	47227	6251	11501
1749086	scroll	2023-12-28 21:32:34.591000 +00:00	47227	6251	11501
864667	scroll	2023-12-16 17:04:54.595000 +00:00	24532	2723	7081
832528	scroll	2023-12-15 22:22:23.538000 +00:00	24111	2701	7053
832529	scroll	2023-12-15 22:22:23.411000 +00:00	24111	2701	7053
832530	scroll	2023-12-15 22:22:23.609000 +00:00	24111	2701	7053
832531	scroll	2023-12-15 22:22:24.037000 +00:00	24111	2701	7053
832532	scroll	2023-12-15 22:22:24.071000 +00:00	24111	2701	7053
832533	scroll	2023-12-15 22:22:24.228000 +00:00	24111	2701	7053
832534	scroll	2023-12-15 22:22:24.130000 +00:00	24111	2701	7053
832535	scroll	2023-12-15 22:22:25.068000 +00:00	24111	2701	7053
832536	scroll	2023-12-15 22:22:25.412000 +00:00	24111	2701	7053
832537	scroll	2023-12-15 22:22:25.537000 +00:00	24111	2701	7053
832538	scroll	2023-12-15 22:22:25.662000 +00:00	24111	2701	7053
864668	scroll	2023-12-16 17:04:54.652000 +00:00	24532	2723	7081
832539	scroll	2023-12-15 22:22:26.442000 +00:00	24111	2701	7053
832540	scroll	2023-12-15 22:22:26.568000 +00:00	24111	2701	7053
832541	scroll	2023-12-15 22:22:26.693000 +00:00	24111	2701	7053
864669	scroll	2023-12-16 17:04:54.531000 +00:00	24532	2723	7081
864670	scroll	2023-12-16 17:04:54.746000 +00:00	24532	2723	7081
3277846	tab_activated	2024-02-08 08:33:48.959000 +00:00	92453	12655	21759
1749087	scroll	2023-12-28 21:32:35.935000 +00:00	47227	6251	11501
832542	scroll	2023-12-15 22:22:26.849000 +00:00	24111	2701	7053
864671	scroll	2023-12-16 17:04:54.684000 +00:00	24532	2723	7081
832543	scroll	2023-12-15 22:22:36.161000 +00:00	24111	2701	7053
832544	scroll	2023-12-15 22:22:36.256000 +00:00	24111	2701	7053
832545	scroll	2023-12-15 22:22:36.662000 +00:00	24111	2701	7053
864672	scroll	2023-12-16 17:04:54.847000 +00:00	24532	2723	7081
1749088	scroll	2023-12-28 21:32:35.781000 +00:00	47227	6251	11501
832546	scroll	2023-12-15 22:22:36.693000 +00:00	24111	2701	7053
864673	scroll	2023-12-16 17:04:54.808000 +00:00	24532	2723	7081
1749089	scroll	2023-12-28 21:32:36.037000 +00:00	47227	6251	11501
832547	scroll	2023-12-15 22:22:36.821000 +00:00	24111	2701	7053
864674	scroll	2023-12-16 17:04:55.027000 +00:00	24532	2723	7081
1749090	scroll	2023-12-28 21:32:36.001000 +00:00	47227	6251	11501
1749091	scroll	2023-12-28 21:32:44.935000 +00:00	47227	6251	11501
1749092	scroll	2023-12-28 21:32:44.966000 +00:00	47227	6251	11501
1749093	scroll	2023-12-28 21:32:44.999000 +00:00	47227	6251	11501
832548	scroll	2023-12-15 22:22:38.786000 +00:00	24111	2701	7053
1749094	scroll	2023-12-28 21:32:45.063000 +00:00	47227	6251	11501
1749095	scroll	2023-12-28 21:32:45.184000 +00:00	47227	6251	11501
1749096	scroll	2023-12-28 21:32:45.122000 +00:00	47227	6251	11501
832549	scroll	2023-12-15 22:22:38.818000 +00:00	24111	2701	7053
1749097	scroll	2023-12-28 21:32:46.028000 +00:00	47227	6251	11501
832550	scroll	2023-12-15 22:22:38.853000 +00:00	24111	2701	7053
832551	scroll	2023-12-15 22:22:39.256000 +00:00	24111	2701	7053
1749098	scroll	2023-12-28 21:32:45.935000 +00:00	47227	6251	11501
1749099	scroll	2023-12-28 21:32:46.128000 +00:00	47227	6251	11501
1749100	scroll	2023-12-28 21:32:45.997000 +00:00	47227	6251	11501
832552	scroll	2023-12-15 22:22:39.380000 +00:00	24111	2701	7053
1749101	scroll	2023-12-28 21:32:46.063000 +00:00	47227	6251	11501
832553	scroll	2023-12-15 22:22:39.412000 +00:00	24111	2701	7053
1749151	scroll	2023-12-28 21:32:46.092000 +00:00	47227	6251	11501
1749152	scroll	2023-12-28 21:32:46.841000 +00:00	47227	6251	11501
832554	scroll	2023-12-15 22:22:39.849000 +00:00	24111	2701	7053
1749153	scroll	2023-12-28 21:32:46.907000 +00:00	47227	6251	11501
1749154	scroll	2023-12-28 21:32:46.778000 +00:00	47227	6251	11501
1749155	scroll	2023-12-28 21:32:46.935000 +00:00	47227	6251	11501
1749156	scroll	2023-12-28 21:32:46.997000 +00:00	47227	6251	11501
1749157	scroll	2023-12-28 21:32:46.873000 +00:00	47227	6251	11501
1749158	scroll	2023-12-28 21:32:48.029000 +00:00	47227	6251	11501
1749159	scroll	2023-12-28 21:32:48.096000 +00:00	47227	6251	11501
1749160	scroll	2023-12-28 21:32:48.185000 +00:00	47227	6251	11501
1749161	scroll	2023-12-28 21:32:48.157000 +00:00	47227	6251	11501
1749162	scroll	2023-12-28 21:32:48.219000 +00:00	47227	6251	11501
1749163	scroll	2023-12-28 21:32:48.060000 +00:00	47227	6251	11501
1749164	scroll	2023-12-28 21:32:49.060000 +00:00	47227	6251	11501
1749165	scroll	2023-12-28 21:32:49.221000 +00:00	47227	6251	11501
1749166	scroll	2023-12-28 21:32:49.310000 +00:00	47227	6251	11501
1749167	scroll	2023-12-28 21:32:49.091000 +00:00	47227	6251	11501
1749168	scroll	2023-12-28 21:32:49.184000 +00:00	47227	6251	11501
864675	scroll	2023-12-16 17:04:54.966000 +00:00	24532	2723	7081
1749169	scroll	2023-12-28 21:32:49.028000 +00:00	47227	6251	11501
1749171	tab_activated	2023-12-28 21:33:04.793000 +00:00	47227	6251	11501
1749173	tab_activated	2023-12-28 21:33:18.235000 +00:00	47227	6251	11501
1749175	tab_activated	2023-12-28 21:33:30.758000 +00:00	47227	6251	11501
1749177	tab_activated	2023-12-28 21:33:38.721000 +00:00	47227	6251	11501
1749179	tab_activated	2023-12-28 21:34:01.450000 +00:00	47227	6251	11501
864676	scroll	2023-12-16 17:04:55.089000 +00:00	24532	2723	7081
1749180	scroll	2023-12-28 21:34:03.811000 +00:00	47227	6251	11501
1749181	scroll	2023-12-28 21:34:05.810000 +00:00	47227	6251	11501
864677	scroll	2023-12-16 17:04:55.151000 +00:00	24532	2723	7081
1749182	scroll	2023-12-28 21:34:06.006000 +00:00	47227	6251	11501
864678	scroll	2023-12-16 17:04:55.217000 +00:00	24532	2723	7081
1749183	scroll	2023-12-28 21:34:05.971000 +00:00	47227	6251	11501
864679	scroll	2023-12-16 17:04:55.318000 +00:00	24532	2723	7081
864680	scroll	2023-12-16 17:04:55.402000 +00:00	24532	2723	7081
1749184	scroll	2023-12-28 21:34:06.031000 +00:00	47227	6251	11501
1749185	scroll	2023-12-28 21:34:06.092000 +00:00	47227	6251	11501
1749186	scroll	2023-12-28 21:34:05.842000 +00:00	47227	6251	11501
832555	scroll	2023-12-15 22:22:39.880000 +00:00	24111	2701	7053
1749187	scroll	2023-12-28 21:34:05.877000 +00:00	47227	6251	11501
1749188	scroll	2023-12-28 21:34:05.909000 +00:00	47227	6251	11501
832556	scroll	2023-12-15 22:22:40.012000 +00:00	24111	2701	7053
832557	scroll	2023-12-15 22:22:40.287000 +00:00	24111	2701	7053
1749189	scroll	2023-12-28 21:34:09.092000 +00:00	47227	6251	11501
1749190	scroll	2023-12-28 21:34:09.345000 +00:00	47227	6251	11501
832558	scroll	2023-12-15 22:22:40.352000 +00:00	24111	2701	7053
1749191	scroll	2023-12-28 21:34:09.282000 +00:00	47227	6251	11501
864681	scroll	2023-12-16 17:04:55.433000 +00:00	24532	2723	7081
864682	scroll	2023-12-16 17:04:55.529000 +00:00	24532	2723	7081
864683	scroll	2023-12-16 17:04:55.656000 +00:00	24532	2723	7081
1749192	scroll	2023-12-28 21:34:09.123000 +00:00	47227	6251	11501
864684	scroll	2023-12-16 17:04:55.779000 +00:00	24532	2723	7081
1749193	scroll	2023-12-28 21:34:09.188000 +00:00	47227	6251	11501
864685	scroll	2023-12-16 17:04:55.902000 +00:00	24532	2723	7081
1749194	scroll	2023-12-28 21:34:09.157000 +00:00	47227	6251	11501
832559	scroll	2023-12-15 22:22:40.756000 +00:00	24111	2701	7053
1749195	scroll	2023-12-28 21:34:09.222000 +00:00	47227	6251	11501
832560	scroll	2023-12-15 22:22:40.849000 +00:00	24111	2701	7053
1749197	tab_activated	2023-12-28 21:34:18.397000 +00:00	47227	6251	11501
832561	scroll	2023-12-15 22:22:41.693000 +00:00	24111	2701	7053
1749199	tab_activated	2023-12-28 21:34:29.738000 +00:00	47227	6251	11501
832562	scroll	2023-12-15 22:22:42.318000 +00:00	24111	2701	7053
1749401	tab_activated	2023-12-28 21:34:43.289000 +00:00	47227	6251	11501
832571	tab_updated	2023-12-15 22:23:00.141000 +00:00	24113	2701	7053
832574	tab_activated	2023-12-15 22:23:20.357000 +00:00	24113	2701	7053
1749404	tab_activated	2023-12-28 21:35:09.237000 +00:00	47227	6251	11501
1749417	tab_activated	2023-12-28 21:35:19.928000 +00:00	47227	6251	11501
832579	tab_activated	2023-12-15 22:23:35.362000 +00:00	24113	2701	7053
864686	scroll	2023-12-16 17:04:56.125000 +00:00	24532	2723	7081
1749418	scroll	2023-12-28 21:35:20.592000 +00:00	47227	6251	11501
1749419	scroll	2023-12-28 21:35:20.783000 +00:00	47227	6251	11501
864687	scroll	2023-12-16 17:04:56.188000 +00:00	24532	2723	7081
1749420	scroll	2023-12-28 21:35:20.843000 +00:00	47227	6251	11501
1749421	scroll	2023-12-28 21:35:20.624000 +00:00	47227	6251	11501
1749422	scroll	2023-12-28 21:35:20.722000 +00:00	47227	6251	11501
1749423	scroll	2023-12-28 21:35:20.658000 +00:00	47227	6251	11501
1749424	scroll	2023-12-28 21:35:20.753000 +00:00	47227	6251	11501
1749425	scroll	2023-12-28 21:35:21.842000 +00:00	47227	6251	11501
1749426	scroll	2023-12-28 21:35:21.974000 +00:00	47227	6251	11501
1749427	scroll	2023-12-28 21:35:21.874000 +00:00	47227	6251	11501
1749428	scroll	2023-12-28 21:35:22.158000 +00:00	47227	6251	11501
1749429	scroll	2023-12-28 21:35:22.099000 +00:00	47227	6251	11501
864688	scroll	2023-12-16 17:04:56.340000 +00:00	24532	2723	7081
1749430	scroll	2023-12-28 21:35:22.218000 +00:00	47227	6251	11501
1749431	scroll	2023-12-28 21:35:22.343000 +00:00	47227	6251	11501
864689	scroll	2023-12-16 17:04:56.153000 +00:00	24532	2723	7081
864690	scroll	2023-12-16 17:04:56.008000 +00:00	24532	2723	7081
1749432	scroll	2023-12-28 21:35:22.374000 +00:00	47227	6251	11501
1749433	scroll	2023-12-28 21:35:22.405000 +00:00	47227	6251	11501
1749434	scroll	2023-12-28 21:35:22.533000 +00:00	47227	6251	11501
1749435	scroll	2023-12-28 21:35:21.908000 +00:00	47227	6251	11501
1749436	scroll	2023-12-28 21:35:22.031000 +00:00	47227	6251	11501
1749437	scroll	2023-12-28 21:35:22.473000 +00:00	47227	6251	11501
1749438	scroll	2023-12-28 21:35:22.437000 +00:00	47227	6251	11501
1749440	tab_activated	2023-12-28 21:35:30.132000 +00:00	47227	6251	11501
1749441	scroll	2023-12-28 21:35:30.749000 +00:00	47227	6251	11501
1749442	scroll	2023-12-28 21:35:30.655000 +00:00	47227	6251	11501
864691	scroll	2023-12-16 17:04:56.371000 +00:00	24532	2723	7081
1749443	scroll	2023-12-28 21:35:30.816000 +00:00	47227	6251	11501
1749444	scroll	2023-12-28 21:35:31.218000 +00:00	47227	6251	11501
864692	scroll	2023-12-16 17:04:56.246000 +00:00	24532	2723	7081
1749445	scroll	2023-12-28 21:35:30.784000 +00:00	47227	6251	11501
832613	tab_activated	2023-12-15 22:25:58.481000 +00:00	24113	2701	7053
864693	scroll	2023-12-16 17:04:56.031000 +00:00	24532	2723	7081
1749446	scroll	2023-12-28 21:35:31.032000 +00:00	47227	6251	11501
864694	scroll	2023-12-16 17:04:56.281000 +00:00	24532	2723	7081
864695	scroll	2023-12-16 17:04:56.406000 +00:00	24532	2723	7081
864696	scroll	2023-12-16 17:04:56.808000 +00:00	24532	2723	7081
864697	scroll	2023-12-16 17:04:56.745000 +00:00	24532	2723	7081
864698	scroll	2023-12-16 17:04:56.840000 +00:00	24532	2723	7081
864699	scroll	2023-12-16 17:04:56.873000 +00:00	24532	2723	7081
864700	scroll	2023-12-16 17:04:56.907000 +00:00	24532	2723	7081
864701	scroll	2023-12-16 17:04:56.965000 +00:00	24532	2723	7081
864702	scroll	2023-12-16 17:04:57.089000 +00:00	24532	2723	7081
864703	scroll	2023-12-16 17:04:57.370000 +00:00	24532	2723	7081
864704	scroll	2023-12-16 17:04:57.310000 +00:00	24532	2723	7081
864705	scroll	2023-12-16 17:04:57.001000 +00:00	24532	2723	7081
864706	scroll	2023-12-16 17:04:57.184000 +00:00	24532	2723	7081
864707	scroll	2023-12-16 17:04:57.216000 +00:00	24532	2723	7081
864708	scroll	2023-12-16 17:04:57.058000 +00:00	24532	2723	7081
864709	scroll	2023-12-16 17:04:57.465000 +00:00	24532	2723	7081
864710	scroll	2023-12-16 17:04:57.277000 +00:00	24532	2723	7081
864711	scroll	2023-12-16 17:04:57.404000 +00:00	24532	2723	7081
864712	scroll	2023-12-16 17:04:57.591000 +00:00	24532	2723	7081
864713	scroll	2023-12-16 17:04:57.124000 +00:00	24532	2723	7081
864714	scroll	2023-12-16 17:04:57.653000 +00:00	24532	2723	7081
864715	scroll	2023-12-16 17:04:57.526000 +00:00	24532	2723	7081
864716	scroll	2023-12-16 17:04:57.748000 +00:00	24532	2723	7081
864717	scroll	2023-12-16 17:04:57.842000 +00:00	24532	2723	7081
864718	scroll	2023-12-16 17:04:57.903000 +00:00	24532	2723	7081
864719	scroll	2023-12-16 17:04:57.810000 +00:00	24532	2723	7081
864720	scroll	2023-12-16 17:04:57.996000 +00:00	24532	2723	7081
864721	scroll	2023-12-16 17:04:58.058000 +00:00	24532	2723	7081
864722	scroll	2023-12-16 17:04:58.151000 +00:00	24532	2723	7081
864723	scroll	2023-12-16 17:04:58.651000 +00:00	24532	2723	7081
864724	scroll	2023-12-16 17:04:58.683000 +00:00	24532	2723	7081
864725	scroll	2023-12-16 17:04:58.745000 +00:00	24532	2723	7081
864726	scroll	2023-12-16 17:04:58.843000 +00:00	24532	2723	7081
864727	scroll	2023-12-16 17:04:59.464000 +00:00	24532	2723	7081
864728	scroll	2023-12-16 17:04:59.496000 +00:00	24532	2723	7081
864729	scroll	2023-12-16 17:04:59.558000 +00:00	24532	2723	7081
864730	scroll	2023-12-16 17:04:59.590000 +00:00	24532	2723	7081
864731	scroll	2023-12-16 17:04:59.683000 +00:00	24532	2723	7081
864732	scroll	2023-12-16 17:04:59.778000 +00:00	24532	2723	7081
864733	scroll	2023-12-16 17:04:59.844000 +00:00	24532	2723	7081
864734	scroll	2023-12-16 17:04:59.936000 +00:00	24532	2723	7081
864735	scroll	2023-12-16 17:05:00.032000 +00:00	24532	2723	7081
864736	scroll	2023-12-16 17:05:00.120000 +00:00	24532	2723	7081
864737	scroll	2023-12-16 17:05:00.252000 +00:00	24532	2723	7081
864738	scroll	2023-12-16 17:05:00.310000 +00:00	24532	2723	7081
864739	scroll	2023-12-16 17:05:00.188000 +00:00	24532	2723	7081
864740	scroll	2023-12-16 17:05:00.469000 +00:00	24532	2723	7081
864741	scroll	2023-12-16 17:05:00.433000 +00:00	24532	2723	7081
864742	scroll	2023-12-16 17:05:00.560000 +00:00	24532	2723	7081
864743	scroll	2023-12-16 17:05:00.372000 +00:00	24532	2723	7081
864744	scroll	2023-12-16 17:05:00.748000 +00:00	24532	2723	7081
864745	scroll	2023-12-16 17:05:00.654000 +00:00	24532	2723	7081
864746	scroll	2023-12-16 17:05:00.621000 +00:00	24532	2723	7081
864747	scroll	2023-12-16 17:05:00.528000 +00:00	24532	2723	7081
864748	scroll	2023-12-16 17:05:01.058000 +00:00	24532	2723	7081
864749	scroll	2023-12-16 17:05:00.781000 +00:00	24532	2723	7081
864750	scroll	2023-12-16 17:05:01.090000 +00:00	24532	2723	7081
864751	scroll	2023-12-16 17:05:00.995000 +00:00	24532	2723	7081
864752	scroll	2023-12-16 17:05:00.714000 +00:00	24532	2723	7081
864753	scroll	2023-12-16 17:05:01.154000 +00:00	24532	2723	7081
864754	scroll	2023-12-16 17:05:01.120000 +00:00	24532	2723	7081
864755	scroll	2023-12-16 17:05:01.308000 +00:00	24532	2723	7081
864756	scroll	2023-12-16 17:05:01.340000 +00:00	24532	2723	7081
864757	scroll	2023-12-16 17:05:01.402000 +00:00	24532	2723	7081
864758	scroll	2023-12-16 17:05:01.246000 +00:00	24532	2723	7081
864759	scroll	2023-12-16 17:05:01.433000 +00:00	24532	2723	7081
864760	scroll	2023-12-16 17:05:01.214000 +00:00	24532	2723	7081
864761	scroll	2023-12-16 17:05:01.621000 +00:00	24532	2723	7081
864762	scroll	2023-12-16 17:05:01.871000 +00:00	24532	2723	7081
864763	scroll	2023-12-16 17:05:01.479000 +00:00	24532	2723	7081
864764	scroll	2023-12-16 17:05:01.749000 +00:00	24532	2723	7081
864765	scroll	2023-12-16 17:05:01.905000 +00:00	24532	2723	7081
864766	scroll	2023-12-16 17:05:01.373000 +00:00	24532	2723	7081
864767	scroll	2023-12-16 17:05:01.715000 +00:00	24532	2723	7081
864768	scroll	2023-12-16 17:05:01.810000 +00:00	24532	2723	7081
864769	scroll	2023-12-16 17:05:01.964000 +00:00	24532	2723	7081
864770	scroll	2023-12-16 17:05:02.372000 +00:00	24532	2723	7081
864771	scroll	2023-12-16 17:05:02.183000 +00:00	24532	2723	7081
864772	scroll	2023-12-16 17:05:01.528000 +00:00	24532	2723	7081
864773	scroll	2023-12-16 17:05:01.654000 +00:00	24532	2723	7081
864774	scroll	2023-12-16 17:05:02.215000 +00:00	24532	2723	7081
864775	scroll	2023-12-16 17:05:02.558000 +00:00	24532	2723	7081
864776	scroll	2023-12-16 17:05:02.527000 +00:00	24532	2723	7081
864777	scroll	2023-12-16 17:05:02.435000 +00:00	24532	2723	7081
864778	scroll	2023-12-16 17:05:02.339000 +00:00	24532	2723	7081
864779	scroll	2023-12-16 17:05:02.620000 +00:00	24532	2723	7081
864780	scroll	2023-12-16 17:05:02.245000 +00:00	24532	2723	7081
864781	scroll	2023-12-16 17:05:02.652000 +00:00	24532	2723	7081
864782	scroll	2023-12-16 17:05:02.809000 +00:00	24532	2723	7081
864783	scroll	2023-12-16 17:05:01.589000 +00:00	24532	2723	7081
864784	scroll	2023-12-16 17:05:02.589000 +00:00	24532	2723	7081
864785	scroll	2023-12-16 17:05:02.839000 +00:00	24532	2723	7081
864786	scroll	2023-12-16 17:05:02.466000 +00:00	24532	2723	7081
864787	scroll	2023-12-16 17:05:02.873000 +00:00	24532	2723	7081
864788	scroll	2023-12-16 17:05:02.933000 +00:00	24532	2723	7081
864789	scroll	2023-12-16 17:05:02.279000 +00:00	24532	2723	7081
864790	scroll	2023-12-16 17:05:02.965000 +00:00	24532	2723	7081
864791	scroll	2023-12-16 17:05:02.999000 +00:00	24532	2723	7081
864792	scroll	2023-12-16 17:05:02.714000 +00:00	24532	2723	7081
864793	scroll	2023-12-16 17:05:03.058000 +00:00	24532	2723	7081
864794	scroll	2023-12-16 17:05:02.746000 +00:00	24532	2723	7081
864795	scroll	2023-12-16 17:05:03.091000 +00:00	24532	2723	7081
864796	scroll	2023-12-16 17:05:03.371000 +00:00	24532	2723	7081
864797	scroll	2023-12-16 17:05:03.498000 +00:00	24532	2723	7081
864798	scroll	2023-12-16 17:05:03.558000 +00:00	24532	2723	7081
864799	scroll	2023-12-16 17:05:03.467000 +00:00	24532	2723	7081
864800	scroll	2023-12-16 17:05:03.432000 +00:00	24532	2723	7081
864801	scroll	2023-12-16 17:05:03.933000 +00:00	24532	2723	7081
864851	scroll	2023-12-16 17:05:04.152000 +00:00	24532	2723	7081
864852	scroll	2023-12-16 17:05:03.965000 +00:00	24532	2723	7081
864853	scroll	2023-12-16 17:05:04.184000 +00:00	24532	2723	7081
864854	scroll	2023-12-16 17:05:04.089000 +00:00	24532	2723	7081
864855	scroll	2023-12-16 17:05:03.995000 +00:00	24532	2723	7081
864856	scroll	2023-12-16 17:05:04.123000 +00:00	24532	2723	7081
864857	scroll	2023-12-16 17:05:03.589000 +00:00	24532	2723	7081
864858	scroll	2023-12-16 17:05:04.215000 +00:00	24532	2723	7081
864859	scroll	2023-12-16 17:05:04.029000 +00:00	24532	2723	7081
864861	tab_activated	2023-12-16 17:05:28.703000 +00:00	24532	2723	7081
864983	tab_activated	2023-12-16 17:06:08.126000 +00:00	24532	2723	7081
864985	tab_activated	2023-12-16 17:06:27.028000 +00:00	24532	2723	7081
864987	tab_activated	2023-12-16 17:06:35.214000 +00:00	24532	2723	7081
864989	tab_activated	2023-12-16 17:06:46.499000 +00:00	24532	2723	7081
864991	tab_activated	2023-12-16 17:07:05.145000 +00:00	24532	2723	7081
864993	tab_activated	2023-12-16 17:07:16.680000 +00:00	24532	2723	7081
864994	scroll	2023-12-16 17:07:17.495000 +00:00	24532	2723	7081
864995	scroll	2023-12-16 17:07:17.557000 +00:00	24532	2723	7081
864996	scroll	2023-12-16 17:07:17.622000 +00:00	24532	2723	7081
864997	scroll	2023-12-16 17:07:17.745000 +00:00	24532	2723	7081
864998	scroll	2023-12-16 17:07:17.683000 +00:00	24532	2723	7081
864999	scroll	2023-12-16 17:07:17.777000 +00:00	24532	2723	7081
865000	scroll	2023-12-16 17:07:17.872000 +00:00	24532	2723	7081
865001	scroll	2023-12-16 17:07:17.933000 +00:00	24532	2723	7081
865002	scroll	2023-12-16 17:07:17.810000 +00:00	24532	2723	7081
865003	scroll	2023-12-16 17:07:17.967000 +00:00	24532	2723	7081
865004	scroll	2023-12-16 17:07:18.057000 +00:00	24532	2723	7081
865005	scroll	2023-12-16 17:07:18.096000 +00:00	24532	2723	7081
865006	scroll	2023-12-16 17:07:18.184000 +00:00	24532	2723	7081
865007	scroll	2023-12-16 17:07:18.216000 +00:00	24532	2723	7081
865008	scroll	2023-12-16 17:07:18.248000 +00:00	24532	2723	7081
865009	scroll	2023-12-16 17:07:18.278000 +00:00	24532	2723	7081
865010	scroll	2023-12-16 17:07:18.466000 +00:00	24532	2723	7081
865011	scroll	2023-12-16 17:07:18.341000 +00:00	24532	2723	7081
865012	scroll	2023-12-16 17:07:18.308000 +00:00	24532	2723	7081
865013	scroll	2023-12-16 17:07:18.403000 +00:00	24532	2723	7081
865014	scroll	2023-12-16 17:07:19.401000 +00:00	24532	2723	7081
865015	scroll	2023-12-16 17:07:19.464000 +00:00	24532	2723	7081
865016	scroll	2023-12-16 17:07:19.527000 +00:00	24532	2723	7081
865017	scroll	2023-12-16 17:07:19.433000 +00:00	24532	2723	7081
865018	scroll	2023-12-16 17:07:19.651000 +00:00	24532	2723	7081
865019	scroll	2023-12-16 17:07:19.591000 +00:00	24532	2723	7081
865020	scroll	2023-12-16 17:07:19.683000 +00:00	24532	2723	7081
865021	scroll	2023-12-16 17:07:19.747000 +00:00	24532	2723	7081
865022	scroll	2023-12-16 17:07:19.809000 +00:00	24532	2723	7081
865023	scroll	2023-12-16 17:07:19.872000 +00:00	24532	2723	7081
865024	scroll	2023-12-16 17:07:19.933000 +00:00	24532	2723	7081
865025	scroll	2023-12-16 17:07:19.996000 +00:00	24532	2723	7081
865026	scroll	2023-12-16 17:07:20.122000 +00:00	24532	2723	7081
865027	scroll	2023-12-16 17:07:20.060000 +00:00	24532	2723	7081
865028	scroll	2023-12-16 17:07:20.464000 +00:00	24532	2723	7081
865029	scroll	2023-12-16 17:07:20.527000 +00:00	24532	2723	7081
865030	scroll	2023-12-16 17:07:20.588000 +00:00	24532	2723	7081
865031	scroll	2023-12-16 17:07:20.652000 +00:00	24532	2723	7081
865032	scroll	2023-12-16 17:07:20.713000 +00:00	24532	2723	7081
865033	scroll	2023-12-16 17:07:20.777000 +00:00	24532	2723	7081
865034	scroll	2023-12-16 17:07:20.839000 +00:00	24532	2723	7081
865035	scroll	2023-12-16 17:07:20.901000 +00:00	24532	2723	7081
865036	scroll	2023-12-16 17:07:20.964000 +00:00	24532	2723	7081
865037	scroll	2023-12-16 17:07:21.057000 +00:00	24532	2723	7081
865038	scroll	2023-12-16 17:07:21.120000 +00:00	24532	2723	7081
865039	scroll	2023-12-16 17:07:21.183000 +00:00	24532	2723	7081
865040	scroll	2023-12-16 17:07:21.214000 +00:00	24532	2723	7081
865041	scroll	2023-12-16 17:07:21.251000 +00:00	24532	2723	7081
865042	scroll	2023-12-16 17:07:21.370000 +00:00	24532	2723	7081
865043	scroll	2023-12-16 17:07:21.307000 +00:00	24532	2723	7081
865044	scroll	2023-12-16 17:07:21.404000 +00:00	24532	2723	7081
865045	scroll	2023-12-16 17:07:21.435000 +00:00	24532	2723	7081
865046	scroll	2023-12-16 17:07:21.529000 +00:00	24532	2723	7081
865047	scroll	2023-12-16 17:07:21.688000 +00:00	24532	2723	7081
865048	scroll	2023-12-16 17:07:21.654000 +00:00	24532	2723	7081
865049	scroll	2023-12-16 17:07:21.843000 +00:00	24532	2723	7081
865050	scroll	2023-12-16 17:07:21.466000 +00:00	24532	2723	7081
865051	scroll	2023-12-16 17:07:21.901000 +00:00	24532	2723	7081
865052	scroll	2023-12-16 17:07:21.715000 +00:00	24532	2723	7081
865053	scroll	2023-12-16 17:07:21.748000 +00:00	24532	2723	7081
865054	scroll	2023-12-16 17:07:21.807000 +00:00	24532	2723	7081
865055	scroll	2023-12-16 17:07:21.936000 +00:00	24532	2723	7081
865056	scroll	2023-12-16 17:07:22.214000 +00:00	24532	2723	7081
865057	scroll	2023-12-16 17:07:22.250000 +00:00	24532	2723	7081
865058	scroll	2023-12-16 17:07:22.058000 +00:00	24532	2723	7081
865059	scroll	2023-12-16 17:07:22.091000 +00:00	24532	2723	7081
865060	scroll	2023-12-16 17:07:22.528000 +00:00	24532	2723	7081
865061	scroll	2023-12-16 17:07:21.589000 +00:00	24532	2723	7081
865062	scroll	2023-12-16 17:07:22.309000 +00:00	24532	2723	7081
865063	scroll	2023-12-16 17:07:22.344000 +00:00	24532	2723	7081
865064	scroll	2023-12-16 17:07:22.153000 +00:00	24532	2723	7081
865065	scroll	2023-12-16 17:07:24.777000 +00:00	24532	2723	7081
865066	scroll	2023-12-16 17:07:24.903000 +00:00	24532	2723	7081
865067	scroll	2023-12-16 17:07:24.839000 +00:00	24532	2723	7081
865068	scroll	2023-12-16 17:07:24.966000 +00:00	24532	2723	7081
865069	scroll	2023-12-16 17:07:25.058000 +00:00	24532	2723	7081
865070	scroll	2023-12-16 17:07:25.091000 +00:00	24532	2723	7081
865071	scroll	2023-12-16 17:07:25.185000 +00:00	24532	2723	7081
865072	scroll	2023-12-16 17:07:25.026000 +00:00	24532	2723	7081
865073	scroll	2023-12-16 17:07:25.310000 +00:00	24532	2723	7081
865074	scroll	2023-12-16 17:07:25.247000 +00:00	24532	2723	7081
865075	scroll	2023-12-16 17:07:25.154000 +00:00	24532	2723	7081
865076	scroll	2023-12-16 17:07:25.371000 +00:00	24532	2723	7081
865077	scroll	2023-12-16 17:07:25.589000 +00:00	24532	2723	7081
865078	scroll	2023-12-16 17:07:25.625000 +00:00	24532	2723	7081
865079	scroll	2023-12-16 17:07:25.684000 +00:00	24532	2723	7081
865080	scroll	2023-12-16 17:07:25.496000 +00:00	24532	2723	7081
865081	scroll	2023-12-16 17:07:25.432000 +00:00	24532	2723	7081
865082	scroll	2023-12-16 17:07:25.466000 +00:00	24532	2723	7081
865083	scroll	2023-12-16 17:07:25.808000 +00:00	24532	2723	7081
865084	scroll	2023-12-16 17:07:25.747000 +00:00	24532	2723	7081
865085	scroll	2023-12-16 17:07:25.529000 +00:00	24532	2723	7081
865086	scroll	2023-12-16 17:07:25.904000 +00:00	24532	2723	7081
865087	scroll	2023-12-16 17:07:25.652000 +00:00	24532	2723	7081
865088	scroll	2023-12-16 17:07:26.002000 +00:00	24532	2723	7081
865089	scroll	2023-12-16 17:07:26.120000 +00:00	24532	2723	7081
865090	scroll	2023-12-16 17:07:25.841000 +00:00	24532	2723	7081
865091	scroll	2023-12-16 17:07:26.154000 +00:00	24532	2723	7081
865092	scroll	2023-12-16 17:07:26.060000 +00:00	24532	2723	7081
865093	scroll	2023-12-16 17:07:26.276000 +00:00	24532	2723	7081
865094	scroll	2023-12-16 17:07:25.964000 +00:00	24532	2723	7081
865095	scroll	2023-12-16 17:07:26.405000 +00:00	24532	2723	7081
865096	scroll	2023-12-16 17:07:26.498000 +00:00	24532	2723	7081
865097	scroll	2023-12-16 17:07:26.216000 +00:00	24532	2723	7081
865098	scroll	2023-12-16 17:07:26.370000 +00:00	24532	2723	7081
865099	scroll	2023-12-16 17:07:26.560000 +00:00	24532	2723	7081
865100	scroll	2023-12-16 17:07:26.466000 +00:00	24532	2723	7081
865101	scroll	2023-12-16 17:07:26.683000 +00:00	24532	2723	7081
865102	scroll	2023-12-16 17:07:26.810000 +00:00	24532	2723	7081
865103	scroll	2023-12-16 17:07:26.716000 +00:00	24532	2723	7081
865104	scroll	2023-12-16 17:07:26.966000 +00:00	24532	2723	7081
865105	scroll	2023-12-16 17:07:26.871000 +00:00	24532	2723	7081
865106	scroll	2023-12-16 17:07:27.028000 +00:00	24532	2723	7081
865107	scroll	2023-12-16 17:07:26.903000 +00:00	24532	2723	7081
865108	scroll	2023-12-16 17:07:27.093000 +00:00	24532	2723	7081
865109	scroll	2023-12-16 17:07:27.278000 +00:00	24532	2723	7081
865110	scroll	2023-12-16 17:07:27.341000 +00:00	24532	2723	7081
865111	scroll	2023-12-16 17:07:27.620000 +00:00	24532	2723	7081
865112	scroll	2023-12-16 17:07:27.901000 +00:00	24532	2723	7081
865113	scroll	2023-12-16 17:07:27.526000 +00:00	24532	2723	7081
865114	scroll	2023-12-16 17:07:27.185000 +00:00	24532	2723	7081
865115	scroll	2023-12-16 17:07:28.187000 +00:00	24532	2723	7081
865116	scroll	2023-12-16 17:07:27.434000 +00:00	24532	2723	7081
865117	scroll	2023-12-16 17:07:28.028000 +00:00	24532	2723	7081
865118	scroll	2023-12-16 17:07:28.121000 +00:00	24532	2723	7081
865119	scroll	2023-12-16 17:07:28.279000 +00:00	24532	2723	7081
865120	scroll	2023-12-16 17:07:27.997000 +00:00	24532	2723	7081
865121	scroll	2023-12-16 17:07:28.683000 +00:00	24532	2723	7081
865122	scroll	2023-12-16 17:07:28.497000 +00:00	24532	2723	7081
865123	scroll	2023-12-16 17:07:28.434000 +00:00	24532	2723	7081
865124	scroll	2023-12-16 17:07:28.371000 +00:00	24532	2723	7081
865125	scroll	2023-12-16 17:07:27.871000 +00:00	24532	2723	7081
865126	scroll	2023-12-16 17:07:28.532000 +00:00	24532	2723	7081
865127	scroll	2023-12-16 17:07:28.589000 +00:00	24532	2723	7081
865128	scroll	2023-12-16 17:07:28.810000 +00:00	24532	2723	7081
865129	scroll	2023-12-16 17:07:28.716000 +00:00	24532	2723	7081
865130	scroll	2023-12-16 17:07:28.776000 +00:00	24532	2723	7081
865131	scroll	2023-12-16 17:07:28.622000 +00:00	24532	2723	7081
865133	tab_activated	2023-12-16 17:08:31.231000 +00:00	24532	2723	7081
865134	scroll	2023-12-16 17:08:32.807000 +00:00	24532	2723	7081
865135	scroll	2023-12-16 17:08:32.870000 +00:00	24532	2723	7081
865136	scroll	2023-12-16 17:08:32.932000 +00:00	24532	2723	7081
865137	scroll	2023-12-16 17:08:32.964000 +00:00	24532	2723	7081
865138	scroll	2023-12-16 17:08:32.995000 +00:00	24532	2723	7081
865139	scroll	2023-12-16 17:08:33.089000 +00:00	24532	2723	7081
865140	scroll	2023-12-16 17:08:33.029000 +00:00	24532	2723	7081
865141	scroll	2023-12-16 17:08:33.122000 +00:00	24532	2723	7081
865142	scroll	2023-12-16 17:08:33.183000 +00:00	24532	2723	7081
865143	scroll	2023-12-16 17:08:33.152000 +00:00	24532	2723	7081
865144	scroll	2023-12-16 17:08:33.276000 +00:00	24532	2723	7081
865145	scroll	2023-12-16 17:08:33.215000 +00:00	24532	2723	7081
865146	scroll	2023-12-16 17:08:33.435000 +00:00	24532	2723	7081
865147	scroll	2023-12-16 17:08:33.401000 +00:00	24532	2723	7081
865148	scroll	2023-12-16 17:08:33.310000 +00:00	24532	2723	7081
865149	scroll	2023-12-16 17:08:33.344000 +00:00	24532	2723	7081
865150	scroll	2023-12-16 17:08:33.589000 +00:00	24532	2723	7081
865151	scroll	2023-12-16 17:07:26.778000 +00:00	24532	2723	7081
865152	scroll	2023-12-16 17:07:26.311000 +00:00	24532	2723	7081
865201	scroll	2023-12-16 17:08:33.626000 +00:00	24532	2723	7081
865202	scroll	2023-12-16 17:08:33.466000 +00:00	24532	2723	7081
865203	scroll	2023-12-16 17:08:33.528000 +00:00	24532	2723	7081
865204	scroll	2023-12-16 17:08:33.808000 +00:00	24532	2723	7081
865205	scroll	2023-12-16 17:08:33.779000 +00:00	24532	2723	7081
865206	scroll	2023-12-16 17:08:33.841000 +00:00	24532	2723	7081
865207	scroll	2023-12-16 17:08:33.902000 +00:00	24532	2723	7081
865208	scroll	2023-12-16 17:08:33.995000 +00:00	24532	2723	7081
865209	scroll	2023-12-16 17:08:34.089000 +00:00	24532	2723	7081
865210	scroll	2023-12-16 17:08:34.028000 +00:00	24532	2723	7081
865211	scroll	2023-12-16 17:08:33.936000 +00:00	24532	2723	7081
865212	scroll	2023-12-16 17:08:34.120000 +00:00	24532	2723	7081
865213	scroll	2023-12-16 17:08:34.213000 +00:00	24532	2723	7081
865214	scroll	2023-12-16 17:08:34.154000 +00:00	24532	2723	7081
865215	scroll	2023-12-16 17:08:34.341000 +00:00	24532	2723	7081
865216	scroll	2023-12-16 17:08:34.310000 +00:00	24532	2723	7081
865217	scroll	2023-12-16 17:08:34.369000 +00:00	24532	2723	7081
865218	scroll	2023-12-16 17:08:34.247000 +00:00	24532	2723	7081
865219	scroll	2023-12-16 17:08:34.401000 +00:00	24532	2723	7081
865220	scroll	2023-12-16 17:08:34.435000 +00:00	24532	2723	7081
865221	scroll	2023-12-16 17:08:34.528000 +00:00	24532	2723	7081
865222	scroll	2023-12-16 17:08:34.620000 +00:00	24532	2723	7081
865223	scroll	2023-12-16 17:08:34.494000 +00:00	24532	2723	7081
865224	scroll	2023-12-16 17:08:34.653000 +00:00	24532	2723	7081
865225	scroll	2023-12-16 17:08:34.838000 +00:00	24532	2723	7081
865226	scroll	2023-12-16 17:08:34.714000 +00:00	24532	2723	7081
865227	scroll	2023-12-16 17:08:34.560000 +00:00	24532	2723	7081
865228	scroll	2023-12-16 17:08:34.745000 +00:00	24532	2723	7081
865229	scroll	2023-12-16 17:08:34.780000 +00:00	24532	2723	7081
865230	scroll	2023-12-16 17:08:34.902000 +00:00	24532	2723	7081
865231	scroll	2023-12-16 17:08:34.932000 +00:00	24532	2723	7081
865232	scroll	2023-12-16 17:08:36.995000 +00:00	24532	2723	7081
865233	scroll	2023-12-16 17:08:37.058000 +00:00	24532	2723	7081
865234	scroll	2023-12-16 17:08:37.120000 +00:00	24532	2723	7081
865235	scroll	2023-12-16 17:08:37.151000 +00:00	24532	2723	7081
865236	scroll	2023-12-16 17:08:37.215000 +00:00	24532	2723	7081
865237	scroll	2023-12-16 17:08:37.277000 +00:00	24532	2723	7081
865238	scroll	2023-12-16 17:08:37.401000 +00:00	24532	2723	7081
865239	scroll	2023-12-16 17:08:37.497000 +00:00	24532	2723	7081
865240	scroll	2023-12-16 17:08:37.588000 +00:00	24532	2723	7081
865241	scroll	2023-12-16 17:08:37.683000 +00:00	24532	2723	7081
865242	scroll	2023-12-16 17:08:37.713000 +00:00	24532	2723	7081
865243	scroll	2023-12-16 17:08:37.874000 +00:00	24532	2723	7081
865244	scroll	2023-12-16 17:08:37.808000 +00:00	24532	2723	7081
865245	scroll	2023-12-16 17:08:37.964000 +00:00	24532	2723	7081
865246	scroll	2023-12-16 17:08:38.028000 +00:00	24532	2723	7081
865247	scroll	2023-12-16 17:08:38.091000 +00:00	24532	2723	7081
865248	scroll	2023-12-16 17:08:38.126000 +00:00	24532	2723	7081
865249	scroll	2023-12-16 17:08:38.151000 +00:00	24532	2723	7081
865250	scroll	2023-12-16 17:08:38.187000 +00:00	24532	2723	7081
865251	scroll	2023-12-16 17:08:38.341000 +00:00	24532	2723	7081
865252	scroll	2023-12-16 17:08:38.808000 +00:00	24532	2723	7081
865253	scroll	2023-12-16 17:08:38.403000 +00:00	24532	2723	7081
865254	scroll	2023-12-16 17:08:38.934000 +00:00	24532	2723	7081
865255	scroll	2023-12-16 17:08:38.872000 +00:00	24532	2723	7081
865256	scroll	2023-12-16 17:08:39.058000 +00:00	24532	2723	7081
865257	scroll	2023-12-16 17:08:38.997000 +00:00	24532	2723	7081
865258	scroll	2023-12-16 17:08:38.964000 +00:00	24532	2723	7081
865259	scroll	2023-12-16 17:08:39.154000 +00:00	24532	2723	7081
865260	scroll	2023-12-16 17:08:39.182000 +00:00	24532	2723	7081
865261	scroll	2023-12-16 17:08:39.120000 +00:00	24532	2723	7081
865262	scroll	2023-12-16 17:08:39.370000 +00:00	24532	2723	7081
865263	scroll	2023-12-16 17:08:39.215000 +00:00	24532	2723	7081
865264	scroll	2023-12-16 17:08:39.276000 +00:00	24532	2723	7081
865265	scroll	2023-12-16 17:08:39.403000 +00:00	24532	2723	7081
865266	scroll	2023-12-16 17:08:39.309000 +00:00	24532	2723	7081
865267	scroll	2023-12-16 17:08:39.527000 +00:00	24532	2723	7081
865268	scroll	2023-12-16 17:08:39.435000 +00:00	24532	2723	7081
865269	scroll	2023-12-16 17:08:39.495000 +00:00	24532	2723	7081
865270	scroll	2023-12-16 17:08:40.152000 +00:00	24532	2723	7081
865271	scroll	2023-12-16 17:08:40.214000 +00:00	24532	2723	7081
865272	scroll	2023-12-16 17:08:40.183000 +00:00	24532	2723	7081
865273	scroll	2023-12-16 17:08:40.247000 +00:00	24532	2723	7081
865274	scroll	2023-12-16 17:08:40.339000 +00:00	24532	2723	7081
865275	scroll	2023-12-16 17:08:40.372000 +00:00	24532	2723	7081
865276	scroll	2023-12-16 17:08:40.432000 +00:00	24532	2723	7081
865277	scroll	2023-12-16 17:08:40.526000 +00:00	24532	2723	7081
865278	scroll	2023-12-16 17:08:40.402000 +00:00	24532	2723	7081
865279	scroll	2023-12-16 17:08:40.310000 +00:00	24532	2723	7081
865280	scroll	2023-12-16 17:08:40.588000 +00:00	24532	2723	7081
865281	scroll	2023-12-16 17:08:40.651000 +00:00	24532	2723	7081
865282	scroll	2023-12-16 17:08:40.465000 +00:00	24532	2723	7081
865283	scroll	2023-12-16 17:08:40.558000 +00:00	24532	2723	7081
865284	scroll	2023-12-16 17:08:40.779000 +00:00	24532	2723	7081
865285	scroll	2023-12-16 17:08:40.903000 +00:00	24532	2723	7081
865286	scroll	2023-12-16 17:08:40.932000 +00:00	24532	2723	7081
865287	scroll	2023-12-16 17:08:40.839000 +00:00	24532	2723	7081
865288	scroll	2023-12-16 17:08:41.156000 +00:00	24532	2723	7081
865289	scroll	2023-12-16 17:08:41.120000 +00:00	24532	2723	7081
865290	scroll	2023-12-16 17:08:40.964000 +00:00	24532	2723	7081
865291	scroll	2023-12-16 17:08:41.248000 +00:00	24532	2723	7081
865292	scroll	2023-12-16 17:08:41.026000 +00:00	24532	2723	7081
865293	scroll	2023-12-16 17:08:41.214000 +00:00	24532	2723	7081
865294	scroll	2023-12-16 17:08:41.059000 +00:00	24532	2723	7081
865295	scroll	2023-12-16 17:08:41.310000 +00:00	24532	2723	7081
865296	scroll	2023-12-16 17:08:41.432000 +00:00	24532	2723	7081
865297	scroll	2023-12-16 17:08:41.340000 +00:00	24532	2723	7081
865298	scroll	2023-12-16 17:08:41.183000 +00:00	24532	2723	7081
865299	scroll	2023-12-16 17:08:41.465000 +00:00	24532	2723	7081
865300	scroll	2023-12-16 17:08:41.526000 +00:00	24532	2723	7081
865301	scroll	2023-12-16 17:08:38.246000 +00:00	24532	2723	7081
865302	scroll	2023-12-16 17:08:38.310000 +00:00	24532	2723	7081
865303	scroll	2023-12-16 17:08:38.468000 +00:00	24532	2723	7081
865304	scroll	2023-12-16 17:08:38.745000 +00:00	24532	2723	7081
865351	scroll	2023-12-16 17:08:41.746000 +00:00	24532	2723	7081
865352	scroll	2023-12-16 17:08:41.714000 +00:00	24532	2723	7081
865401	scroll	2023-12-16 17:08:41.779000 +00:00	24532	2723	7081
865403	tab_activated	2023-12-16 17:08:51.741000 +00:00	24532	2723	7081
865404	scroll	2023-12-16 17:08:52.588000 +00:00	24532	2723	7081
865405	scroll	2023-12-16 17:08:52.620000 +00:00	24532	2723	7081
865406	scroll	2023-12-16 17:08:52.651000 +00:00	24532	2723	7081
865407	scroll	2023-12-16 17:08:52.684000 +00:00	24532	2723	7081
865408	scroll	2023-12-16 17:08:52.745000 +00:00	24532	2723	7081
865409	scroll	2023-12-16 17:08:52.839000 +00:00	24532	2723	7081
865410	scroll	2023-12-16 17:08:52.872000 +00:00	24532	2723	7081
865411	scroll	2023-12-16 17:08:52.778000 +00:00	24532	2723	7081
865412	scroll	2023-12-16 17:08:52.901000 +00:00	24532	2723	7081
865413	scroll	2023-12-16 17:08:52.932000 +00:00	24532	2723	7081
865414	scroll	2023-12-16 17:08:52.966000 +00:00	24532	2723	7081
1749447	scroll	2023-12-28 21:35:31.347000 +00:00	47227	6251	11501
865415	scroll	2023-12-16 17:08:53.059000 +00:00	24532	2723	7081
865416	scroll	2023-12-16 17:08:53.026000 +00:00	24532	2723	7081
865451	scroll	2023-12-16 17:08:41.559000 +00:00	24532	2723	7081
865501	scroll	2023-12-16 17:08:41.620000 +00:00	24532	2723	7081
865502	scroll	2023-12-16 17:08:41.652000 +00:00	24532	2723	7081
865551	scroll	2023-12-16 17:08:41.402000 +00:00	24532	2723	7081
866217	tab_activated	2023-12-16 17:13:01.605000 +00:00	24532	2723	7081
1749448	scroll	2023-12-28 21:35:30.936000 +00:00	47227	6251	11501
1749449	scroll	2023-12-28 21:35:30.875000 +00:00	47227	6251	11501
1749450	scroll	2023-12-28 21:35:30.910000 +00:00	47227	6251	11501
1749451	scroll	2023-12-28 21:35:31.817000 +00:00	47227	6251	11501
1749452	scroll	2023-12-28 21:35:31.940000 +00:00	47227	6251	11501
1749453	scroll	2023-12-28 21:35:32.283000 +00:00	47227	6251	11501
1749501	scroll	2023-12-28 21:35:32.071000 +00:00	47227	6251	11501
1749502	scroll	2023-12-28 21:35:31.468000 +00:00	47227	6251	11501
1749503	scroll	2023-12-28 21:35:31.571000 +00:00	47227	6251	11501
1749504	scroll	2023-12-28 21:35:31.878000 +00:00	47227	6251	11501
1749551	scroll	2023-12-28 21:35:31.253000 +00:00	47227	6251	11501
1749552	scroll	2023-12-28 21:35:32.003000 +00:00	47227	6251	11501
1749553	scroll	2023-12-28 21:35:30.717000 +00:00	47227	6251	11501
1749554	scroll	2023-12-28 21:35:31.655000 +00:00	47227	6251	11501
1749555	scroll	2023-12-28 21:35:30.999000 +00:00	47227	6251	11501
1749556	scroll	2023-12-28 21:35:33.186000 +00:00	47227	6251	11501
1749557	scroll	2023-12-28 21:35:31.636000 +00:00	47227	6251	11501
1749558	scroll	2023-12-28 21:35:31.534000 +00:00	47227	6251	11501
1749559	scroll	2023-12-28 21:35:33.217000 +00:00	47227	6251	11501
1749560	scroll	2023-12-28 21:35:31.283000 +00:00	47227	6251	11501
1749561	scroll	2023-12-28 21:35:31.408000 +00:00	47227	6251	11501
1749562	scroll	2023-12-28 21:35:31.382000 +00:00	47227	6251	11501
1749563	scroll	2023-12-28 21:35:33.251000 +00:00	47227	6251	11501
1749564	scroll	2023-12-28 21:35:33.314000 +00:00	47227	6251	11501
1749565	scroll	2023-12-28 21:35:33.381000 +00:00	47227	6251	11501
1749566	scroll	2023-12-28 21:35:33.564000 +00:00	47227	6251	11501
1749567	scroll	2023-12-28 21:35:33.505000 +00:00	47227	6251	11501
1749568	scroll	2023-12-28 21:35:31.780000 +00:00	47227	6251	11501
1749570	scroll	2023-12-28 21:35:33.412000 +00:00	47227	6251	11501
1749571	scroll	2023-12-28 21:35:33.616000 +00:00	47227	6251	11501
1749679	tab_activated	2023-12-28 21:40:21.114000 +00:00	47227	6251	11501
1749680	scroll	2023-12-28 21:40:21.753000 +00:00	47227	6251	11501
1749681	scroll	2023-12-28 21:40:21.878000 +00:00	47227	6251	11501
1749682	scroll	2023-12-28 21:40:21.784000 +00:00	47227	6251	11501
1749683	scroll	2023-12-28 21:40:21.909000 +00:00	47227	6251	11501
1749684	scroll	2023-12-28 21:40:22.034000 +00:00	47227	6251	11501
1749685	scroll	2023-12-28 21:40:22.068000 +00:00	47227	6251	11501
1749686	scroll	2023-12-28 21:40:22.193000 +00:00	47227	6251	11501
1749687	scroll	2023-12-28 21:40:21.971000 +00:00	47227	6251	11501
1749688	scroll	2023-12-28 21:40:21.944000 +00:00	47227	6251	11501
1749689	scroll	2023-12-28 21:40:22.130000 +00:00	47227	6251	11501
1749690	scroll	2023-12-28 21:40:22.318000 +00:00	47227	6251	11501
1749691	scroll	2023-12-28 21:40:22.256000 +00:00	47227	6251	11501
1749692	scroll	2023-12-28 21:40:22.380000 +00:00	47227	6251	11501
1749693	scroll	2023-12-28 21:40:22.700000 +00:00	47227	6251	11501
1749694	scroll	2023-12-28 21:40:22.570000 +00:00	47227	6251	11501
1749695	scroll	2023-12-28 21:40:22.471000 +00:00	47227	6251	11501
1749696	scroll	2023-12-28 21:40:24.190000 +00:00	47227	6251	11501
1749697	scroll	2023-12-28 21:40:24.159000 +00:00	47227	6251	11501
1749698	scroll	2023-12-28 21:40:24.409000 +00:00	47227	6251	11501
1749699	scroll	2023-12-28 21:40:25.034000 +00:00	47227	6251	11501
1749700	scroll	2023-12-28 21:40:25.165000 +00:00	47227	6251	11501
1749701	scroll	2023-12-28 21:40:25.849000 +00:00	47227	6251	11501
1749702	scroll	2023-12-28 21:40:25.971000 +00:00	47227	6251	11501
1749703	scroll	2023-12-28 21:40:24.971000 +00:00	47227	6251	11501
1749704	scroll	2023-12-28 21:40:24.940000 +00:00	47227	6251	11501
1749705	scroll	2023-12-28 21:40:25.016000 +00:00	47227	6251	11501
1749706	scroll	2023-12-28 21:40:25.721000 +00:00	47227	6251	11501
1749707	scroll	2023-12-28 21:40:26.508000 +00:00	47227	6251	11501
1749708	scroll	2023-12-28 21:40:25.884000 +00:00	47227	6251	11501
1749709	scroll	2023-12-28 21:40:24.908000 +00:00	47227	6251	11501
1749710	scroll	2023-12-28 21:40:26.409000 +00:00	47227	6251	11501
1749711	scroll	2023-12-28 21:40:26.378000 +00:00	47227	6251	11501
1749712	scroll	2023-12-28 21:40:26.721000 +00:00	47227	6251	11501
1749713	scroll	2023-12-28 21:40:26.786000 +00:00	47227	6251	11501
1749714	scroll	2023-12-28 21:40:27.253000 +00:00	47227	6251	11501
1749715	scroll	2023-12-28 21:40:26.851000 +00:00	47227	6251	11501
1749716	scroll	2023-12-28 21:40:26.627000 +00:00	47227	6251	11501
1749717	scroll	2023-12-28 21:40:27.290000 +00:00	47227	6251	11501
1749718	scroll	2023-12-28 21:40:27.222000 +00:00	47227	6251	11501
1749719	scroll	2023-12-28 21:40:26.972000 +00:00	47227	6251	11501
1749720	scroll	2023-12-28 21:40:26.908000 +00:00	47227	6251	11501
1749721	scroll	2023-12-28 21:40:27.599000 +00:00	47227	6251	11501
1749722	scroll	2023-12-28 21:40:27.536000 +00:00	47227	6251	11501
1749723	scroll	2023-12-28 21:40:27.009000 +00:00	47227	6251	11501
1749724	scroll	2023-12-28 21:40:27.723000 +00:00	47227	6251	11501
1749725	scroll	2023-12-28 21:40:27.787000 +00:00	47227	6251	11501
1749726	scroll	2023-12-28 21:40:27.661000 +00:00	47227	6251	11501
1749727	scroll	2023-12-28 21:40:27.412000 +00:00	47227	6251	11501
1749728	scroll	2023-12-28 21:40:27.943000 +00:00	47227	6251	11501
1749729	scroll	2023-12-28 21:40:27.347000 +00:00	47227	6251	11501
1749730	scroll	2023-12-28 21:40:27.472000 +00:00	47227	6251	11501
1749731	scroll	2023-12-28 21:40:27.827000 +00:00	47227	6251	11501
1749732	scroll	2023-12-28 21:40:26.252000 +00:00	47227	6251	11501
1749733	scroll	2023-12-28 21:40:26.284000 +00:00	47227	6251	11501
1749836	tab_updated	2023-12-28 21:41:39.712000 +00:00	47241	6251	11501
1749837	scroll	2023-12-28 21:41:40.909000 +00:00	47241	6251	11501
1749838	scroll	2023-12-28 21:41:40.691000 +00:00	47241	6251	11501
1749839	scroll	2023-12-28 21:41:40.722000 +00:00	47241	6251	11501
1749840	scroll	2023-12-28 21:41:40.941000 +00:00	47241	6251	11501
1749841	scroll	2023-12-28 21:41:41.510000 +00:00	47241	6251	11501
1749842	scroll	2023-12-28 21:41:40.977000 +00:00	47241	6251	11501
1749843	scroll	2023-12-28 21:41:41.160000 +00:00	47241	6251	11501
1749844	scroll	2023-12-28 21:41:41.351000 +00:00	47241	6251	11501
1749845	scroll	2023-12-28 21:41:43.785000 +00:00	47241	6251	11501
1749846	scroll	2023-12-28 21:41:43.816000 +00:00	47241	6251	11501
1749847	scroll	2023-12-28 21:41:43.941000 +00:00	47241	6251	11501
1749848	scroll	2023-12-28 21:41:43.976000 +00:00	47241	6251	11501
1749849	scroll	2023-12-28 21:41:44.066000 +00:00	47241	6251	11501
1749850	scroll	2023-12-28 21:41:44.503000 +00:00	47241	6251	11501
1749851	scroll	2023-12-28 21:41:44.535000 +00:00	47241	6251	11501
1749852	scroll	2023-12-28 21:41:44.628000 +00:00	47241	6251	11501
1749853	scroll	2023-12-28 21:41:44.754000 +00:00	47241	6251	11501
1749854	scroll	2023-12-28 21:41:44.847000 +00:00	47241	6251	11501
1749855	scroll	2023-12-28 21:41:44.878000 +00:00	47241	6251	11501
1749856	scroll	2023-12-28 21:41:44.916000 +00:00	47241	6251	11501
1749857	scroll	2023-12-28 21:41:45.035000 +00:00	47241	6251	11501
1749858	scroll	2023-12-28 21:41:45.160000 +00:00	47241	6251	11501
1749859	scroll	2023-12-28 21:41:46.534000 +00:00	47241	6251	11501
1749860	scroll	2023-12-28 21:41:46.567000 +00:00	47241	6251	11501
1749861	scroll	2023-12-28 21:41:46.753000 +00:00	47241	6251	11501
1749862	scroll	2023-12-28 21:41:46.785000 +00:00	47241	6251	11501
1749863	scroll	2023-12-28 21:41:46.816000 +00:00	47241	6251	11501
1749864	scroll	2023-12-28 21:41:47.038000 +00:00	47241	6251	11501
1749865	scroll	2023-12-28 21:41:47.160000 +00:00	47241	6251	11501
1749866	scroll	2023-12-28 21:41:46.941000 +00:00	47241	6251	11501
1749867	scroll	2023-12-28 21:41:47.066000 +00:00	47241	6251	11501
1749868	scroll	2023-12-28 21:41:47.262000 +00:00	47241	6251	11501
1749869	scroll	2023-12-28 21:41:47.941000 +00:00	47241	6251	11501
1749870	scroll	2023-12-28 21:41:47.910000 +00:00	47241	6251	11501
1749871	scroll	2023-12-28 21:41:48.035000 +00:00	47241	6251	11501
1749872	scroll	2023-12-28 21:41:48.076000 +00:00	47241	6251	11501
1749873	scroll	2023-12-28 21:41:48.131000 +00:00	47241	6251	11501
1749874	scroll	2023-12-28 21:41:48.192000 +00:00	47241	6251	11501
1749875	scroll	2023-12-28 21:41:48.227000 +00:00	47241	6251	11501
1749876	scroll	2023-12-28 21:41:48.288000 +00:00	47241	6251	11501
1749877	scroll	2023-12-28 21:41:48.347000 +00:00	47241	6251	11501
1749878	scroll	2023-12-28 21:41:48.410000 +00:00	47241	6251	11501
1749879	scroll	2023-12-28 21:41:48.447000 +00:00	47241	6251	11501
1749880	scroll	2023-12-28 21:41:48.506000 +00:00	47241	6251	11501
1749881	scroll	2023-12-28 21:41:48.569000 +00:00	47241	6251	11501
1749882	scroll	2023-12-28 21:41:48.631000 +00:00	47241	6251	11501
1749883	scroll	2023-12-28 21:41:49.067000 +00:00	47241	6251	11501
1749884	scroll	2023-12-28 21:41:48.666000 +00:00	47241	6251	11501
1749885	scroll	2023-12-28 21:41:49.039000 +00:00	47241	6251	11501
1749886	scroll	2023-12-28 21:41:48.758000 +00:00	47241	6251	11501
1749887	scroll	2023-12-28 21:41:48.976000 +00:00	47241	6251	11501
1749888	scroll	2023-12-28 21:41:48.722000 +00:00	47241	6251	11501
1749889	scroll	2023-12-28 21:41:48.881000 +00:00	47241	6251	11501
1749890	scroll	2023-12-28 21:41:48.599000 +00:00	47241	6251	11501
1749891	scroll	2023-12-28 21:41:48.941000 +00:00	47241	6251	11501
1749892	scroll	2023-12-28 21:41:48.820000 +00:00	47241	6251	11501
1749893	scroll	2023-12-28 21:41:49.441000 +00:00	47241	6251	11501
1749894	scroll	2023-12-28 21:41:49.098000 +00:00	47241	6251	11501
1749895	scroll	2023-12-28 21:41:49.192000 +00:00	47241	6251	11501
1749896	scroll	2023-12-28 21:41:49.476000 +00:00	47241	6251	11501
1749897	scroll	2023-12-28 21:41:49.569000 +00:00	47241	6251	11501
1749898	scroll	2023-12-28 21:41:49.382000 +00:00	47241	6251	11501
1749899	scroll	2023-12-28 21:41:49.318000 +00:00	47241	6251	11501
1749900	scroll	2023-12-28 21:41:49.132000 +00:00	47241	6251	11501
1749901	scroll	2023-12-28 21:41:49.287000 +00:00	47241	6251	11501
1749951	scroll	2023-12-28 21:41:49.225000 +00:00	47241	6251	11501
1749952	scroll	2023-12-28 21:41:49.725000 +00:00	47241	6251	11501
1749953	scroll	2023-12-28 21:41:50.161000 +00:00	47241	6251	11501
1750001	scroll	2023-12-28 21:41:49.819000 +00:00	47241	6251	11501
1750051	scroll	2023-12-28 21:41:49.788000 +00:00	47241	6251	11501
1750052	scroll	2023-12-28 21:41:50.008000 +00:00	47241	6251	11501
1750053	scroll	2023-12-28 21:41:49.630000 +00:00	47241	6251	11501
1750054	scroll	2023-12-28 21:41:49.535000 +00:00	47241	6251	11501
1750055	scroll	2023-12-28 21:41:49.941000 +00:00	47241	6251	11501
1750056	scroll	2023-12-28 21:41:50.132000 +00:00	47241	6251	11501
1750057	scroll	2023-12-28 21:41:49.879000 +00:00	47241	6251	11501
1750058	scroll	2023-12-28 21:41:49.691000 +00:00	47241	6251	11501
1750059	scroll	2023-12-28 21:41:50.254000 +00:00	47241	6251	11501
1750060	scroll	2023-12-28 21:41:49.972000 +00:00	47241	6251	11501
1750061	scroll	2023-12-28 21:41:50.067000 +00:00	47241	6251	11501
1750062	scroll	2023-12-28 21:41:50.035000 +00:00	47241	6251	11501
1750063	scroll	2023-12-28 21:41:51.128000 +00:00	47241	6251	11501
1750064	scroll	2023-12-28 21:41:51.254000 +00:00	47241	6251	11501
1750065	scroll	2023-12-28 21:41:51.225000 +00:00	47241	6251	11501
1750066	scroll	2023-12-28 21:41:51.287000 +00:00	47241	6251	11501
1750067	scroll	2023-12-28 21:41:51.160000 +00:00	47241	6251	11501
1750068	scroll	2023-12-28 21:41:51.348000 +00:00	47241	6251	11501
1750069	scroll	2023-12-28 21:41:53.004000 +00:00	47241	6251	11501
1750070	scroll	2023-12-28 21:41:53.099000 +00:00	47241	6251	11501
1750071	scroll	2023-12-28 21:41:53.067000 +00:00	47241	6251	11501
1750072	scroll	2023-12-28 21:41:53.160000 +00:00	47241	6251	11501
1750073	scroll	2023-12-28 21:41:53.196000 +00:00	47241	6251	11501
1750074	scroll	2023-12-28 21:41:53.285000 +00:00	47241	6251	11501
832615	tab_activated	2023-12-15 22:26:08.938000 +00:00	24113	2701	7053
448697	scroll	2023-12-10 10:23:05.589000 +00:00	15122	2157	4537
448699	scroll	2023-12-10 10:23:03.881000 +00:00	15122	2157	4537
448753	scroll	2023-12-10 10:23:04.964000 +00:00	15122	2157	4537
448757	scroll	2023-12-10 10:23:05.106000 +00:00	15122	2157	4537
448759	scroll	2023-12-10 10:23:05.382000 +00:00	15122	2157	4537
448761	scroll	2023-12-10 10:23:05.558000 +00:00	15122	2157	4537
448762	scroll	2023-12-10 10:23:06.869000 +00:00	15122	2157	4537
448763	scroll	2023-12-10 10:23:07.212000 +00:00	15122	2157	4537
448788	scroll	2023-12-10 10:23:11.243000 +00:00	15122	2157	4537
448789	scroll	2023-12-10 10:23:11.681000 +00:00	15122	2157	4537
448790	scroll	2023-12-10 10:23:11.806000 +00:00	15122	2157	4537
448791	scroll	2023-12-10 10:23:11.463000 +00:00	15122	2157	4537
448792	scroll	2023-12-10 10:23:14.807000 +00:00	15122	2157	4537
448793	scroll	2023-12-10 10:23:14.683000 +00:00	15122	2157	4537
448794	scroll	2023-12-10 10:23:16.119000 +00:00	15122	2157	4537
448914	scroll	2023-12-10 10:23:22.431000 +00:00	15122	2157	4537
448921	scroll	2023-12-10 10:23:22.965000 +00:00	15122	2157	4537
448926	scroll	2023-12-10 10:23:27.712000 +00:00	15122	2157	4537
448930	scroll	2023-12-10 10:23:27.994000 +00:00	15122	2157	4537
832616	scroll	2023-12-15 22:26:11.133000 +00:00	24113	2701	7053
448932	scroll	2023-12-10 10:23:29.372000 +00:00	15122	2157	4537
832617	scroll	2023-12-15 22:26:11.196000 +00:00	24113	2701	7053
448933	scroll	2023-12-10 10:23:30.525000 +00:00	15122	2157	4537
832618	scroll	2023-12-15 22:26:11.508000 +00:00	24113	2701	7053
448934	scroll	2023-12-10 10:23:30.246000 +00:00	15122	2157	4537
832619	scroll	2023-12-15 22:26:11.537000 +00:00	24113	2701	7053
448935	scroll	2023-12-10 10:23:31.087000 +00:00	15122	2157	4537
832620	scroll	2023-12-15 22:26:11.228000 +00:00	24113	2701	7053
448936	scroll	2023-12-10 10:23:30.931000 +00:00	15122	2157	4537
448937	scroll	2023-12-10 10:23:30.807000 +00:00	15122	2157	4537
832621	scroll	2023-12-15 22:26:11.603000 +00:00	24113	2701	7053
832646	tab_activated	2023-12-15 22:26:35.874000 +00:00	24113	2701	7053
832648	tab_activated	2023-12-15 22:26:44.244000 +00:00	24113	2701	7053
832650	tab_activated	2023-12-15 22:26:47.440000 +00:00	24113	2701	7053
832659	tab_activated	2023-12-15 22:27:31.761000 +00:00	24113	2701	7053
832668	tab_activated	2023-12-15 22:27:40.621000 +00:00	24113	2701	7053
832669	scroll	2023-12-15 22:27:41.382000 +00:00	24113	2701	7053
832670	scroll	2023-12-15 22:27:41.446000 +00:00	24113	2701	7053
832671	scroll	2023-12-15 22:27:41.537000 +00:00	24113	2701	7053
832672	scroll	2023-12-15 22:27:41.755000 +00:00	24113	2701	7053
832673	scroll	2023-12-15 22:27:41.822000 +00:00	24113	2701	7053
832674	scroll	2023-12-15 22:27:41.849000 +00:00	24113	2701	7053
832675	scroll	2023-12-15 22:27:42.667000 +00:00	24113	2701	7053
832676	scroll	2023-12-15 22:27:42.756000 +00:00	24113	2701	7053
832677	scroll	2023-12-15 22:27:42.599000 +00:00	24113	2701	7053
832678	scroll	2023-12-15 22:27:43.164000 +00:00	24113	2701	7053
832679	scroll	2023-12-15 22:27:43.099000 +00:00	24113	2701	7053
448939	tab_activated	2023-12-10 10:23:37.020000 +00:00	15122	2157	4537
832680	scroll	2023-12-15 22:27:43.256000 +00:00	24113	2701	7053
832737	tab_activated	2023-12-15 22:34:47.430000 +00:00	24113	2701	7053
832747	tab_activated	2023-12-15 22:35:39.180000 +00:00	24113	2701	7053
832772	tab_activated	2023-12-15 22:38:46.457000 +00:00	24113	2701	7053
832780	tab_activated	2023-12-15 22:39:47.025000 +00:00	24113	2701	7053
853316	tab_updated	2023-12-16 14:57:38.647000 +00:00	24428	2716	7075
853317	scroll	2023-12-16 14:57:40.065000 +00:00	24428	2716	7075
853318	scroll	2023-12-16 14:57:40.097000 +00:00	24428	2716	7075
853319	scroll	2023-12-16 14:57:40.504000 +00:00	24428	2716	7075
853320	scroll	2023-12-16 14:57:40.534000 +00:00	24428	2716	7075
853321	scroll	2023-12-16 14:57:40.569000 +00:00	24428	2716	7075
853322	scroll	2023-12-16 14:57:42.065000 +00:00	24428	2716	7075
853323	scroll	2023-12-16 14:57:41.659000 +00:00	24428	2716	7075
853324	scroll	2023-12-16 14:57:40.601000 +00:00	24428	2716	7075
853325	scroll	2023-12-16 14:57:41.037000 +00:00	24428	2716	7075
853326	scroll	2023-12-16 14:57:42.505000 +00:00	24428	2716	7075
853327	scroll	2023-12-16 14:57:43.487000 +00:00	24428	2716	7075
853328	scroll	2023-12-16 14:57:43.566000 +00:00	24428	2716	7075
853329	scroll	2023-12-16 14:57:43.643000 +00:00	24428	2716	7075
853330	scroll	2023-12-16 14:57:43.662000 +00:00	24428	2716	7075
853331	scroll	2023-12-16 14:57:43.784000 +00:00	24428	2716	7075
853332	scroll	2023-12-16 14:57:43.909000 +00:00	24428	2716	7075
853333	scroll	2023-12-16 14:57:44.037000 +00:00	24428	2716	7075
853334	scroll	2023-12-16 14:57:43.941000 +00:00	24428	2716	7075
853335	scroll	2023-12-16 14:57:44.097000 +00:00	24428	2716	7075
853336	scroll	2023-12-16 14:57:44.195000 +00:00	24428	2716	7075
853337	scroll	2023-12-16 14:57:44.253000 +00:00	24428	2716	7075
853338	scroll	2023-12-16 14:57:44.284000 +00:00	24428	2716	7075
853339	scroll	2023-12-16 14:57:44.383000 +00:00	24428	2716	7075
853340	scroll	2023-12-16 14:57:44.412000 +00:00	24428	2716	7075
853341	scroll	2023-12-16 14:57:44.440000 +00:00	24428	2716	7075
853342	scroll	2023-12-16 14:57:44.604000 +00:00	24428	2716	7075
853343	scroll	2023-12-16 14:57:44.756000 +00:00	24428	2716	7075
853344	scroll	2023-12-16 14:57:45.315000 +00:00	24428	2716	7075
853345	scroll	2023-12-16 14:57:45.266000 +00:00	24428	2716	7075
853346	scroll	2023-12-16 14:57:45.347000 +00:00	24428	2716	7075
853347	scroll	2023-12-16 14:57:45.597000 +00:00	24428	2716	7075
853348	scroll	2023-12-16 14:57:45.409000 +00:00	24428	2716	7075
853349	scroll	2023-12-16 14:57:45.378000 +00:00	24428	2716	7075
853350	scroll	2023-12-16 14:57:45.785000 +00:00	24428	2716	7075
853351	scroll	2023-12-16 14:57:46.221000 +00:00	24428	2716	7075
853352	scroll	2023-12-16 14:57:46.253000 +00:00	24428	2716	7075
853353	scroll	2023-12-16 14:57:46.378000 +00:00	24428	2716	7075
853354	scroll	2023-12-16 14:57:46.285000 +00:00	24428	2716	7075
853355	scroll	2023-12-16 14:57:46.441000 +00:00	24428	2716	7075
853356	scroll	2023-12-16 14:57:46.503000 +00:00	24428	2716	7075
853357	scroll	2023-12-16 14:57:46.534000 +00:00	24428	2716	7075
853358	scroll	2023-12-16 14:57:46.597000 +00:00	24428	2716	7075
853359	scroll	2023-12-16 14:57:46.566000 +00:00	24428	2716	7075
853360	scroll	2023-12-16 14:57:46.663000 +00:00	24428	2716	7075
853361	scroll	2023-12-16 14:57:46.693000 +00:00	24428	2716	7075
853362	scroll	2023-12-16 14:57:46.724000 +00:00	24428	2716	7075
853363	scroll	2023-12-16 14:57:46.815000 +00:00	24428	2716	7075
853364	scroll	2023-12-16 14:57:46.883000 +00:00	24428	2716	7075
853365	scroll	2023-12-16 14:57:46.971000 +00:00	24428	2716	7075
853366	scroll	2023-12-16 14:57:47.066000 +00:00	24428	2716	7075
853367	scroll	2023-12-16 14:57:47.132000 +00:00	24428	2716	7075
853368	scroll	2023-12-16 14:57:47.222000 +00:00	24428	2716	7075
853369	scroll	2023-12-16 14:57:47.284000 +00:00	24428	2716	7075
853370	scroll	2023-12-16 14:57:47.316000 +00:00	24428	2716	7075
853371	scroll	2023-12-16 14:57:47.569000 +00:00	24428	2716	7075
853372	scroll	2023-12-16 14:57:47.411000 +00:00	24428	2716	7075
853373	scroll	2023-12-16 14:57:47.631000 +00:00	24428	2716	7075
853374	scroll	2023-12-16 14:57:47.349000 +00:00	24428	2716	7075
853375	scroll	2023-12-16 14:57:47.503000 +00:00	24428	2716	7075
853376	scroll	2023-12-16 14:57:47.381000 +00:00	24428	2716	7075
853377	scroll	2023-12-16 14:57:47.784000 +00:00	24428	2716	7075
853378	scroll	2023-12-16 14:57:48.257000 +00:00	24428	2716	7075
853379	scroll	2023-12-16 14:57:48.288000 +00:00	24428	2716	7075
853380	scroll	2023-12-16 14:57:48.191000 +00:00	24428	2716	7075
853381	scroll	2023-12-16 14:57:48.409000 +00:00	24428	2716	7075
853382	scroll	2023-12-16 14:57:48.316000 +00:00	24428	2716	7075
853383	scroll	2023-12-16 14:57:48.537000 +00:00	24428	2716	7075
853384	scroll	2023-12-16 14:57:48.475000 +00:00	24428	2716	7075
853385	scroll	2023-12-16 14:57:48.600000 +00:00	24428	2716	7075
853386	scroll	2023-12-16 14:57:48.691000 +00:00	24428	2716	7075
853387	scroll	2023-12-16 14:57:48.722000 +00:00	24428	2716	7075
853388	scroll	2023-12-16 14:57:48.849000 +00:00	24428	2716	7075
853389	scroll	2023-12-16 14:57:48.788000 +00:00	24428	2716	7075
853390	scroll	2023-12-16 14:57:48.941000 +00:00	24428	2716	7075
853391	scroll	2023-12-16 14:57:49.003000 +00:00	24428	2716	7075
853392	scroll	2023-12-16 14:57:49.097000 +00:00	24428	2716	7075
853393	scroll	2023-12-16 14:57:48.972000 +00:00	24428	2716	7075
853394	scroll	2023-12-16 14:57:49.190000 +00:00	24428	2716	7075
853395	scroll	2023-12-16 14:57:49.691000 +00:00	24428	2716	7075
853396	scroll	2023-12-16 14:57:49.722000 +00:00	24428	2716	7075
853397	scroll	2023-12-16 14:57:49.815000 +00:00	24428	2716	7075
853398	scroll	2023-12-16 14:57:49.851000 +00:00	24428	2716	7075
853399	scroll	2023-12-16 14:57:49.878000 +00:00	24428	2716	7075
853400	scroll	2023-12-16 14:57:49.916000 +00:00	24428	2716	7075
853401	scroll	2023-12-16 14:57:49.941000 +00:00	24428	2716	7075
853402	scroll	2023-12-16 14:57:50.034000 +00:00	24428	2716	7075
853403	scroll	2023-12-16 14:57:50.066000 +00:00	24428	2716	7075
853404	scroll	2023-12-16 14:57:50.132000 +00:00	24428	2716	7075
853405	scroll	2023-12-16 14:57:50.350000 +00:00	24428	2716	7075
853406	scroll	2023-12-16 14:57:50.285000 +00:00	24428	2716	7075
853407	scroll	2023-12-16 14:57:50.476000 +00:00	24428	2716	7075
853408	scroll	2023-12-16 14:57:50.194000 +00:00	24428	2716	7075
853409	scroll	2023-12-16 14:57:50.413000 +00:00	24428	2716	7075
853410	scroll	2023-12-16 14:57:50.597000 +00:00	24428	2716	7075
853411	scroll	2023-12-16 14:57:50.659000 +00:00	24428	2716	7075
853412	scroll	2023-12-16 14:57:50.566000 +00:00	24428	2716	7075
853413	scroll	2023-12-16 14:57:50.816000 +00:00	24428	2716	7075
853414	scroll	2023-12-16 14:57:50.725000 +00:00	24428	2716	7075
853415	scroll	2023-12-16 14:57:51.253000 +00:00	24428	2716	7075
853416	scroll	2023-12-16 14:57:51.378000 +00:00	24428	2716	7075
853417	scroll	2023-12-16 14:57:51.819000 +00:00	24428	2716	7075
853418	scroll	2023-12-16 14:57:51.409000 +00:00	24428	2716	7075
853419	scroll	2023-12-16 14:57:51.662000 +00:00	24428	2716	7075
853420	scroll	2023-12-16 14:57:51.319000 +00:00	24428	2716	7075
853421	scroll	2023-12-16 14:57:51.535000 +00:00	24428	2716	7075
853422	scroll	2023-12-16 14:57:53.502000 +00:00	24428	2716	7075
853423	scroll	2023-12-16 14:57:51.914000 +00:00	24428	2716	7075
853424	scroll	2023-12-16 14:57:53.474000 +00:00	24428	2716	7075
853425	scroll	2023-12-16 14:57:51.441000 +00:00	24428	2716	7075
853426	scroll	2023-12-16 14:57:53.534000 +00:00	24428	2716	7075
853427	scroll	2023-12-16 14:57:51.503000 +00:00	24428	2716	7075
853428	scroll	2023-12-16 14:57:51.725000 +00:00	24428	2716	7075
853429	scroll	2023-12-16 14:57:52.418000 +00:00	24428	2716	7075
853430	scroll	2023-12-16 14:57:52.347000 +00:00	24428	2716	7075
853431	scroll	2023-12-16 14:57:51.472000 +00:00	24428	2716	7075
853432	scroll	2023-12-16 14:57:53.757000 +00:00	24428	2716	7075
853433	scroll	2023-12-16 14:57:53.597000 +00:00	24428	2716	7075
853434	scroll	2023-12-16 14:57:51.568000 +00:00	24428	2716	7075
853435	scroll	2023-12-16 14:57:52.573000 +00:00	24428	2716	7075
853436	scroll	2023-12-16 14:57:53.566000 +00:00	24428	2716	7075
853437	scroll	2023-12-16 14:57:53.662000 +00:00	24428	2716	7075
853438	scroll	2023-12-16 14:57:52.508000 +00:00	24428	2716	7075
853439	scroll	2023-12-16 14:57:52.284000 +00:00	24428	2716	7075
853440	scroll	2023-12-16 14:57:57.753000 +00:00	24428	2716	7075
853441	scroll	2023-12-16 14:57:53.690000 +00:00	24428	2716	7075
853442	scroll	2023-12-16 14:57:57.724000 +00:00	24428	2716	7075
853443	scroll	2023-12-16 14:57:57.810000 +00:00	24428	2716	7075
853444	scroll	2023-12-16 14:57:57.851000 +00:00	24428	2716	7075
853445	scroll	2023-12-16 14:57:57.931000 +00:00	24428	2716	7075
853446	scroll	2023-12-16 14:57:57.941000 +00:00	24428	2716	7075
853447	scroll	2023-12-16 14:57:58.024000 +00:00	24428	2716	7075
853448	scroll	2023-12-16 14:57:58.126000 +00:00	24428	2716	7075
853449	scroll	2023-12-16 14:57:57.975000 +00:00	24428	2716	7075
853450	scroll	2023-12-16 14:57:58.165000 +00:00	24428	2716	7075
853451	scroll	2023-12-16 14:57:58.226000 +00:00	24428	2716	7075
853452	scroll	2023-12-16 14:57:58.065000 +00:00	24428	2716	7075
853453	scroll	2023-12-16 14:57:58.300000 +00:00	24428	2716	7075
853454	scroll	2023-12-16 14:57:58.347000 +00:00	24428	2716	7075
853455	scroll	2023-12-16 14:57:58.418000 +00:00	24428	2716	7075
853456	scroll	2023-12-16 14:57:58.493000 +00:00	24428	2716	7075
853457	scroll	2023-12-16 14:57:58.537000 +00:00	24428	2716	7075
853458	scroll	2023-12-16 14:57:58.566000 +00:00	24428	2716	7075
853459	scroll	2023-12-16 14:57:58.633000 +00:00	24428	2716	7075
853460	scroll	2023-12-16 14:57:58.722000 +00:00	24428	2716	7075
853461	scroll	2023-12-16 14:57:58.709000 +00:00	24428	2716	7075
853462	scroll	2023-12-16 14:57:58.753000 +00:00	24428	2716	7075
853463	scroll	2023-12-16 14:57:58.846000 +00:00	24428	2716	7075
853464	scroll	2023-12-16 14:57:58.784000 +00:00	24428	2716	7075
853465	scroll	2023-12-16 14:57:59.022000 +00:00	24428	2716	7075
853466	scroll	2023-12-16 14:57:58.937000 +00:00	24428	2716	7075
853467	scroll	2023-12-16 14:57:59.347000 +00:00	24428	2716	7075
853468	scroll	2023-12-16 14:57:59.129000 +00:00	24428	2716	7075
853469	scroll	2023-12-16 14:57:59.066000 +00:00	24428	2716	7075
853470	scroll	2023-12-16 14:57:59.194000 +00:00	24428	2716	7075
853471	scroll	2023-12-16 14:57:59.097000 +00:00	24428	2716	7075
853474	scroll	2023-12-16 14:57:59.288000 +00:00	24428	2716	7075
